{"cameraMode":{"drawMode":0,"name":"Shaded","section":"Shading Mode"},"sceneLighting":true,"audioPlay":false,"sceneViewState":{"m_AlwaysRefresh":false,"showFog":true,"showSkybox":true,"showFlares":true,"showImageEffects":true,"showParticleSystems":true,"showVisualEffectGraphs":true,"m_FxEnabled":true},"in2DMode":false,"pivot":{"x":17.780261993408204,"y":2.610105514526367,"z":15.834479331970215},"rotation":{"x":0.4540296196937561,"y":0.009350615553557873,"z":-0.0047657303512096409,"w":0.8909271955490112},"size":46.6734733581543,"orthographic":false}